[
  {
    "image": "/data/upload/0.jpg",
    "id": 1,
    "choice": "0",
    "annotator": "j_arde@live.ca",
    "annotation_id": 1
  },
  {
    "image": "/data/upload/12.jpg",
    "id": 13,
    "choice": "12",
    "annotator": "j_arde@live.ca",
    "annotation_id": 13
  },
  {
    "image": "/data/upload/11.jpg",
    "id": 12,
    "choice": "11",
    "annotator": "j_arde@live.ca",
    "annotation_id": 12
  },
  {
    "image": "/data/upload/10.jpg",
    "id": 11,
    "choice": "10",
    "annotator": "j_arde@live.ca",
    "annotation_id": 11
  },
  {
    "image": "/data/upload/9.jpg",
    "id": 10,
    "choice": "9",
    "annotator": "j_arde@live.ca",
    "annotation_id": 10
  },
  {
    "image": "/data/upload/8.jpg",
    "id": 9,
    "choice": "8",
    "annotator": "j_arde@live.ca",
    "annotation_id": 9
  },
  {
    "image": "/data/upload/7.jpg",
    "id": 8,
    "choice": "7",
    "annotator": "j_arde@live.ca",
    "annotation_id": 8
  },
  {
    "image": "/data/upload/6.jpg",
    "id": 7,
    "choice": "6",
    "annotator": "j_arde@live.ca",
    "annotation_id": 7
  },
  {
    "image": "/data/upload/5.jpg",
    "id": 6,
    "choice": "5",
    "annotator": "j_arde@live.ca",
    "annotation_id": 6
  },
  {
    "image": "/data/upload/4.jpg",
    "id": 5,
    "choice": "4",
    "annotator": "j_arde@live.ca",
    "annotation_id": 5
  },
  {
    "image": "/data/upload/3.jpg",
    "id": 4,
    "choice": "3",
    "annotator": "j_arde@live.ca",
    "annotation_id": 4
  },
  {
    "image": "/data/upload/2.jpg",
    "id": 3,
    "choice": "2",
    "annotator": "j_arde@live.ca",
    "annotation_id": 3
  },
  {
    "image": "/data/upload/1.jpg",
    "id": 2,
    "choice": "1",
    "annotator": "j_arde@live.ca",
    "annotation_id": 2
  }
]